cost,rbf_sigma,margin,min_unique,num_breaks,.config
2.783669777753461,0.036412379931025717,0.12636399041861296,13,3,Preprocessor17_Model1
